1,Кудабаева Эвита,7(987) 578-86-54,1
2,Пупкин Вася Васильевич,7(466) 865-78-85,2
3,Лупкин Лена Леонидович,7(987) 655-67-88,3
4,Красочный Денис Васильевич,7(987) 667-89-76,4
5,Красивая Юлия Кирилловна,7(495) 533-26-79,5
6,Лучшая Марина Андреевна,7(495) 157-00-44,6
7,Умная Анастасия Борисовна,7(495) 909-95-07,7
8,Величайший Сергей Антонович,7(495) 151-85-06,8
9,Изумительнейший Акакий Акакиевич,7(495) 867-89-23,9
10,Клёвый Никита Сергеевич,7(495) 943-38-29,10
11,Махаббатов Михаил Эрсенович,7(495) 783-29-88,9
12,Суетливый Бахтияр,7(495) 554-79-06,8
13,Побеждаева Мадина,7(495) 004-39-67,8
14,Хафиан Парванна,7(495) 960-85-95,6
15,М'Бату Накия,7(495) 888-95-96,6
16,Губайдулина Софья Игнатовна,7(495) 012-78-43,3
17,Шамиев Вазген Амирарович,7(495) 515-47-98,3
18,Абашев Максим Александрович,7(495) 662-62-52,7
19,Алашему Гела,7(495) 910-35-38,7
20,Волощук Александр,7(495) 987-86-56,7
21,Трундаев Дмитрий,7(495) 592-01-38,5
22,Алпхи Мемет Меметрович,7(495) 411-89-02,1
23,Хазаров Гасан Гасанович,7(495) 708-37-16,1
24,Незаеальная Анна Михайловна,7(495) 432-71-72,4
